<?xml version="1.0" encoding="UTF-8"?>
<project-private xmlns="http://www.netbeans.org/ns/project-private/1">
    <editor-bookmarks xmlns="http://www.netbeans.org/ns/editor-bookmarks/2" lastBookmarkId="0"/>
    <open-files xmlns="http://www.netbeans.org/ns/projectui-open-files/2">
        <group>
            <file>file:/C:/Users/prkel/OneDrive/Documents/NetBeansProjects/shcedulertest/src/shcedulertest/Shcedulertest.java</file>
            <file>file:/C:/Users/prkel/OneDrive/Documents/NetBeansProjects/shcedulertest/src/shcedulertest/node.java</file>
            <file>file:/C:/Users/prkel/OneDrive/Documents/NetBeansProjects/shcedulertest/hotspot_output.txt</file>
            <file>file:/C:/Users/prkel/OneDrive/Documents/NetBeansProjects/shcedulertest/currentdata</file>
            <file>jar:file:/C:/Users/prkel/OneDrive/Documents/NetBeansProjects/shcedulertest/dist/shcedulertest.jar!/META-INF/MANIFEST.MF</file>
        </group>
    </open-files>
</project-private>
